Iteration,X1,X2,X3,X4,X5,X6,X7,X8,X9,F1,F2,F3,F4,F5,F6,F7,F8,F9,weighted_sum,Fitness,Nc
1,23.3556,25.3017,53.522,27.2448,77.4723,3.3138,80.841,80.839,0.6518,71.315162,14.370188,37.792048,26.462329,13.165628,100.233568,2.257577,35.739016,41.400898,0.5353,0.4087,4
2,48.577,81.0,53.9327,13.7492,0.0,72.0991,54.357,54.62,18.359,37.452381,45.096554,52.685663,40.796952,29.007498,58.539378,15.817464,30.623876,41.287348,0.7539,0.0938,5
3,59.0309,81.0,68.646,0.0,0.0,81.0,50.2607,72.9452,37.129,41.879247,55.000907,55.340485,38.068021,31.080727,68.073582,17.388724,23.871318,42.548318,0.7435,0.0782,6
4,31.4458,2.0843,60.5323,59.796,17.1416,11.6411,23.5133,45.1671,72.3852,18.016853,15.652071,34.782769,25.882619,10.676452,62.665416,2.415996,29.006164,36.436715,0.3469,0.4683,1
5,30.3768,6.4414,14.7671,33.0935,33.4245,21.8298,49.902,23.1077,43.9639,29.889824,8.659115,28.439431,35.77578,8.731753,57.254037,1.72564,37.670684,35.005498,0.4591,0.4961,1
6,36.9083,81.0,78.7223,26.4537,0.0,81.0,63.4343,77.0267,16.4401,44.091576,58.787149,63.79506,38.558227,32.015163,61.853515,14.692406,25.649581,40.949224,0.6575,0.0761,6
7,48.2516,4.8076,4.6266,17.2235,59.5818,12.8191,47.228,72.495,13.5272,43.120745,10.947225,30.003353,33.081454,5.169719,78.824596,2.025954,37.683508,38.372163,0.4809,0.4802,3
8,69.9898,81.0,32.0235,0.0,0.0,81.0,46.8051,70.8153,18.322,33.996297,54.911438,49.522216,39.551949,28.703594,68.300871,19.487308,30.975024,42.628178,0.697,0.094,5
9,3.1461,23.7339,74.4291,4.5685,57.2902,63.4863,75.579,64.1454,23.2969,35.085926,38.184512,33.172762,33.648389,16.093461,65.069425,3.661703,30.883259,24.478042,0.4202,0.338,2
10,70.2569,81.0,66.911,0.0,0.0,81.0,60.9222,36.0486,30.3988,40.881374,50.758197,54.566273,39.617464,32.413947,49.581767,18.638377,23.725723,42.251924,0.6167,0.1362,5
11,44.348,79.6235,79.6454,17.5533,3.1259,77.7426,66.1958,80.5382,17.4854,45.924316,55.766952,61.192866,38.949224,31.546878,67.67374,14.851028,25.000299,39.489936,0.6972,0.0644,7
12,49.9704,81.0,63.8385,0.0,0.0,42.8251,50.4356,78.5822,16.4241,43.806665,29.207664,48.990168,40.799674,25.459584,77.096416,14.211778,29.563942,40.442217,0.6093,0.089,4
13,75.3892,53.1072,80.8897,3.5664,37.5577,28.8339,52.1421,74.6925,17.6046,43.001815,20.429329,41.036419,36.626835,14.11093,81.704847,9.572235,23.697641,35.637049,0.5607,0.2623,2
14,31.5799,81.0,32.6078,0.0,1.2488,81.0,71.8287,62.0742,28.5077,33.957464,54.679711,52.161391,40.15289,34.992408,59.876235,15.432632,33.540173,41.088412,0.7249,0.1073,6
15,1.8454,76.8612,70.6829,54.2043,67.9344,5.6512,2.6203,63.0819,66.98,74.342333,18.55697,41.115539,19.023403,25.126434,49.692826,9.359329,20.119561,35.347869,0.4719,0.3015,1
16,46.8166,81.0,56.256,0.0,24.8785,81.0,52.0538,69.9492,19.2073,38.69694,55.697949,46.241946,38.882265,29.517595,63.068324,16.697467,28.144045,32.079524,0.6455,0.0979,3
17,39.97,81.0,13.1592,31.9872,0.0,73.1131,67.6917,45.0706,11.8387,28.090269,47.341127,47.764203,39.740394,31.949203,52.811002,16.221133,37.26536,41.080699,0.6424,0.1653,6
18,59.0194,81.0,45.3041,20.2714,0.0,81.0,73.2457,81.0,48.2609,35.157876,59.617093,57.047771,34.391541,37.741511,78.721656,18.170911,27.135595,41.390183,0.7448,0.0809,6
19,81.0,81.0,67.8341,25.7503,0.0,81.0,59.1355,81.0,19.5772,41.741938,59.959322,60.703842,36.543998,31.150397,72.425938,19.868914,23.052898,41.463746,0.7449,0.0817,6
20,67.4602,81.0,55.9058,2.9623,0.0,81.0,81.0,81.0,15.2531,44.551498,59.79072,59.346906,38.595218,36.112282,75.544268,18.480376,27.719728,41.262638,0.7039,0.0256,7
21,80.6912,81.0,81.0,25.5865,0.0,81.0,52.4039,81.0,68.6676,37.938952,59.144428,60.811758,28.070772,36.951819,78.3679,20.589006,12.274413,41.992586,0.665,0.2166,6
22,57.6318,32.1243,73.5677,18.1296,0.0762,64.2852,26.8215,38.2354,64.3641,21.586055,31.318527,43.018985,33.35883,14.365464,56.944959,7.066783,22.753308,41.732874,0.5102,0.3158,1
23,67.4412,81.0,74.8934,28.7213,81.0,0.0,81.0,81.0,0.0,93.982527,20.022936,49.590858,23.523299,30.269347,105.716986,15.809828,22.635556,43.149967,0.5572,0.2074,5
24,72.1228,52.427,14.8648,71.2067,74.9115,23.1439,77.2551,3.1016,11.882,84.396448,20.990088,21.542184,21.667099,19.102607,42.962749,10.556593,32.413528,26.697392,0.5062,0.3493,2
25,62.4243,36.1782,64.3948,58.4307,55.1436,29.7314,22.1656,34.3944,53.809,53.356476,20.548657,31.536915,24.866135,10.354671,57.492489,6.631471,24.74037,27.630477,0.405,0.3697,1
26,57.568,81.0,43.7928,28.7691,0.0,81.0,40.0628,66.942,42.4053,30.990589,55.177153,52.111996,35.819683,30.14197,65.225107,17.992914,28.35118,42.364245,0.7327,0.1153,4
27,76.1257,80.2244,26.1724,75.9249,66.9597,3.7452,54.8994,58.3828,7.7301,90.821071,26.688893,32.998831,22.106693,24.501598,83.359207,17.525228,30.976692,33.498851,0.5951,0.2145,4
28,45.5231,81.0,9.028,0.0,0.0,81.0,62.6124,81.0,73.1168,23.673184,57.577913,47.618295,29.688825,40.316218,82.390087,18.769326,27.20733,42.456856,0.6959,0.177,5
29,27.7484,81.0,58.4739,0.0,0.0,81.0,81.0,81.0,80.118,37.332379,58.457335,57.66848,27.447182,46.334349,79.814204,15.872531,19.40918,41.673255,0.6803,0.1528,6
30,81.0,81.0,70.7381,67.1075,0.0,46.2058,81.0,74.775,5.652,40.870904,46.024053,63.046595,30.582715,32.156915,81.488504,17.844603,25.234676,38.246476,0.6509,0.0791,6
31,1.814,81.0,0.0,0.0,0.0,81.0,81.0,42.9105,65.8767,22.254712,52.380115,47.400777,33.299029,43.796406,45.22695,15.140523,29.909681,41.63619,0.5971,0.2206,4
32,0.0,81.0,33.1587,81.0,0.0,0.0,81.0,56.0835,0.0,33.827154,29.93224,46.371288,30.616293,30.639965,77.554935,9.891397,37.166398,39.569253,0.597,0.1366,4
33,42.3769,81.0,38.0935,2.7868,0.0,81.0,54.3231,55.5397,57.4167,31.243169,52.165273,50.123176,35.312004,35.087801,61.478025,16.98825,27.634066,42.431928,0.6773,0.1249,4
34,2.0916,26.2665,5.2779,21.4742,13.7297,71.6105,58.5719,9.8114,20.1086,19.838357,35.403584,36.195672,41.183528,13.042854,31.675538,3.786037,40.76427,35.599091,0.5016,0.4152,2
35,76.025,81.0,57.9344,40.7001,0.0,81.0,32.4283,53.952,0.0,35.607558,55.678553,55.603335,36.867901,25.707286,56.138314,19.584048,26.838251,42.069265,0.6601,0.124,5
36,59.9707,59.5839,59.0954,14.7405,0.0,81.0,59.3149,81.0,29.6865,33.782886,55.486663,54.47055,37.848576,23.150158,71.385549,12.062733,28.712394,41.776623,0.6074,0.1148,4
37,81.0,81.0,81.0,0.0,0.0,81.0,23.5466,81.0,27.3244,44.378842,54.862374,53.988972,37.770449,26.164387,65.927538,19.680532,18.670368,43.56483,0.6319,0.1391,4
38,81.0,81.0,0.0,35.9377,0.0,81.0,55.1634,81.0,48.1906,23.919763,60.483154,46.326856,31.894195,34.099638,82.762544,22.30588,28.761731,42.65649,0.6111,0.1696,5
39,66.7325,81.0,81.0,24.5134,0.0,58.8795,81.0,73.4026,39.501,44.312887,42.105531,60.4226,35.9912,35.977323,80.705533,16.614436,21.261793,39.631082,0.6195,0.0972,6
40,30.0675,81.0,25.8668,47.6656,0.0,81.0,81.0,81.0,66.6601,28.02939,64.269932,56.054622,27.120283,43.499955,78.361009,16.404863,28.3389,41.083931,0.6413,0.1513,6
41,30.4933,81.0,42.2766,0.0,0.0,81.0,45.575,36.0309,0.0,35.234217,48.902267,49.571282,42.516237,27.782991,45.259271,15.05135,33.78316,42.423529,0.6754,0.1562,5
42,40.6588,81.0,0.0,0.0,0.0,60.5634,81.0,81.0,34.9996,28.42459,42.942258,45.75047,38.553242,36.021756,88.034927,16.18507,36.556685,40.49894,0.6896,0.135,7
43,35.4642,81.0,7.0484,0.0,0.0,1.1588,81.0,21.2555,0.0,27.754528,9.355786,33.277278,43.492004,30.327905,65.312877,13.604789,39.817698,40.73162,0.5424,0.3104,5
44,81.0,81.0,61.6989,70.8737,0.0,81.0,46.8173,81.0,37.717,31.787427,70.893764,62.969398,26.857422,30.734241,69.817581,20.185613,22.952093,41.223335,0.6554,0.153,5
45,7.9481,58.7456,10.3996,35.0411,75.2039,60.4448,58.0695,2.5644,59.8199,54.529197,32.482079,18.758232,21.387583,25.104544,30.617615,10.250909,28.436082,18.598316,0.4163,0.3716,1
46,81.0,81.0,40.9182,46.6442,0.0,81.0,81.0,81.0,0.0,39.234509,65.923536,61.175911,33.453223,35.67081,73.86292,20.682607,28.99693,40.541602,0.6509,0.0503,5
47,42.1482,80.2249,26.1231,32.7311,23.9132,22.0096,52.0958,22.5993,66.3013,35.041397,15.268223,35.694009,30.948565,31.299471,60.792563,14.968319,28.519094,36.07907,0.522,0.2499,3
48,42.7516,81.0,81.0,81.0,0.0,24.5566,81.0,10.0753,0.0,32.654676,32.7974,59.942633,30.6561,30.845732,34.954919,12.49013,28.526679,37.719037,0.5509,0.2089,4
49,76.8763,81.0,35.0676,0.0,0.0,81.0,81.0,81.0,81.0,31.511104,59.697957,53.702101,25.434259,46.455819,90.315451,21.814329,18.621503,41.963327,0.7201,0.1887,5
50,81.0,81.0,37.6796,0.0,0.0,81.0,32.5167,81.0,81.0,27.219525,55.419627,46.823259,25.765804,36.55442,80.952069,22.336234,17.296509,43.687308,0.6253,0.2207,5
51,58.0102,81.0,81.0,0.0,0.0,81.0,64.3138,65.3254,0.0,49.821582,55.050932,59.83417,40.26253,31.382936,58.8595,16.910211,23.57699,41.844868,0.6885,0.1012,7
52,49.6476,81.0,81.0,28.1362,0.0,81.0,14.3914,49.8787,38.5258,37.425797,50.932048,55.818304,37.496539,26.69803,53.744476,16.241811,21.739897,42.816283,0.6696,0.1478,5
53,80.1368,12.9338,48.8064,74.7832,78.9806,25.4087,48.4605,18.6655,58.6277,82.208293,21.93165,22.820323,12.892693,11.930303,50.708265,6.084276,21.191792,24.427966,0.347,0.4481,1
54,63.5032,81.0,19.4658,0.0,0.0,81.0,81.0,81.0,49.0645,31.252494,59.719579,52.502663,34.938826,40.04822,83.649058,19.48313,29.802369,41.657133,0.7508,0.1034,5
55,57.0155,81.0,21.9795,0.0,31.6588,81.0,81.0,81.0,67.748,28.10314,60.971436,42.434285,28.213895,43.324139,85.770542,19.929571,24.623071,29.115433,0.666,0.1852,4
56,30.979,40.1616,62.631,76.4442,57.7682,21.9108,68.7309,5.3059,12.9935,66.807285,22.96118,34.00489,26.529538,13.710845,37.403777,4.06514,34.007622,26.37721,0.4255,0.3945,2
57,65.4357,78.7077,72.3291,61.0058,16.6402,9.5242,35.6745,4.4727,6.2351,42.348943,18.997884,48.036558,35.417555,20.455331,51.27033,14.16535,27.744356,36.110973,0.5562,0.2236,2
58,39.6245,37.3542,28.0716,8.2097,34.5119,6.0936,62.2463,77.3285,12.4498,35.978254,12.711843,36.018011,38.551737,10.933716,92.296029,3.931373,38.857894,39.620757,0.4145,0.3991,4
59,38.8982,81.0,81.0,81.0,10.0769,0.0,81.0,81.0,0.0,50.365594,36.728415,60.798935,28.624994,30.249159,94.837608,11.988488,27.833134,36.333296,0.5735,0.0724,6
60,30.3683,81.0,0.0,81.0,29.1392,37.7326,81.0,81.0,0.0,55.418456,44.625256,35.764467,27.477458,31.927365,87.797363,14.51149,38.582336,29.779575,0.6063,0.1521,6
61,74.3881,81.0,50.9813,30.6456,0.0,63.3957,50.1779,69.878,26.7756,35.22677,43.212406,52.300525,37.089749,27.986577,72.546381,18.346265,27.958703,40.747211,0.6025,0.0815,4
62,40.9319,81.0,47.2397,14.7642,0.0,81.0,31.4855,62.0168,21.487,34.161459,51.87177,50.68621,40.388333,26.658341,57.401798,15.905351,31.442071,42.672628,0.6808,0.1209,5
63,81.0,81.0,81.0,81.0,0.0,81.0,81.0,81.0,0.0,41.173027,79.461812,76.469612,25.447203,35.834466,65.668883,19.678585,21.399723,39.05281,0.7716,0.1456,5
64,81.0,81.0,81.0,81.0,37.2551,81.0,81.0,81.0,0.0,65.842725,79.851816,58.769124,23.577179,35.657578,65.633957,20.457109,18.92275,18.093757,0.5902,0.24,5
65,81.0,81.0,81.0,81.0,0.0,81.0,81.0,46.1762,0.0,36.131235,73.241973,73.41687,27.290691,35.825608,42.067938,19.542117,21.738986,39.190697,0.6982,0.2017,5
66,81.0,81.0,81.0,81.0,0.0,81.0,47.9497,81.0,0.0,37.730481,76.432705,71.523438,25.918904,28.335077,59.61021,19.730803,21.234215,40.210512,0.6302,0.1616,4
67,81.0,81.0,81.0,81.0,0.0,81.0,81.0,81.0,33.9042,36.867284,79.184059,75.376246,24.078634,38.084698,71.74833,19.6347,19.420117,39.297651,0.7524,0.1727,5
68,54.7567,81.0,69.4711,81.0,0.0,81.0,81.0,81.0,14.5671,37.831379,78.192054,72.74764,26.830584,36.363888,65.440149,16.705155,27.306831,39.337449,0.6876,0.1128,5
69,3.9822,81.0,0.0,81.0,81.0,0.0,81.0,81.0,0.0,115.30987,30.580864,28.146815,16.647018,31.295442,99.048347,12.003289,35.883875,35.147679,0.6236,0.2473,5
70,31.4615,67.5552,10.5077,56.0515,19.3656,59.2627,11.4969,75.0362,52.0636,27.243495,41.132997,32.511713,30.143049,20.530851,62.489333,11.875511,33.655692,33.898793,0.5178,0.231,2
71,81.0,81.0,81.0,81.0,0.0,81.0,81.0,81.0,81.0,31.17909,78.875254,73.88966,12.773965,46.70972,79.931765,21.151219,9.835519,39.695821,0.4995,0.327,6
72,61.9078,81.0,81.0,18.8442,0.0,81.0,0.0,0.0,0.0,41.138422,45.435702,52.205263,41.106082,23.030943,54.156547,17.456958,23.349944,43.52955,0.5831,0.1454,4
73,34.4906,13.9464,42.1266,19.9882,20.4406,7.9365,29.7884,9.4167,61.4454,23.033134,3.599911,31.107728,34.448795,8.883128,54.806207,2.404689,32.393587,38.910524,0.4131,0.5213,2
74,21.8529,15.8714,44.8051,15.6661,75.5588,21.05,50.6524,1.8702,55.6125,47.134647,6.836544,26.844923,24.094318,11.309305,45.526603,2.914905,31.064834,36.502269,0.3803,0.488,3
75,58.4747,81.0,0.0,0.0,0.0,81.0,81.0,51.9265,32.7208,25.597817,54.75804,48.110271,39.072598,38.08827,59.600978,19.294822,34.279452,41.659526,0.7227,0.1646,6
76,79.6304,41.2296,59.7542,38.0143,71.518,39.5725,36.815,10.7731,47.7905,58.640114,19.473421,27.008039,23.866216,12.593734,50.500082,9.703787,21.351389,25.843007,0.3899,0.3691,1
77,54.3748,53.106,65.4919,5.7297,46.7314,35.0086,59.5457,27.5123,72.98,37.346244,16.468494,35.411321,26.494596,23.87299,59.541115,9.709439,20.065051,33.586046,0.473,0.2896,0
78,71.6844,60.8069,55.6943,50.6159,43.8006,58.0252,16.6884,73.5936,38.4979,45.317363,40.334941,34.031511,29.309888,15.91046,63.149089,12.989142,25.404337,24.938294,0.4879,0.2457,3
79,0.0,81.0,0.0,81.0,34.173,0.0,81.0,81.0,56.9671,56.202462,31.738918,32.437209,21.848022,36.660237,108.721186,11.637003,32.883722,36.193516,0.5636,0.1937,5
80,44.1561,80.3705,37.8496,34.3168,9.4364,76.66,1.4147,57.8177,42.1396,28.187818,47.96016,41.792577,36.053277,25.581145,56.901944,16.505347,30.113552,38.662665,0.5707,0.1755,5
81,27.7609,81.0,81.0,0.0,0.0,45.2738,50.2551,32.6558,0.0,45.888701,23.158214,49.791872,43.391215,25.10844,50.061083,11.768572,27.468403,40.446431,0.6198,0.1767,3
82,31.3447,34.6904,63.4469,57.6798,71.5363,62.8904,11.6826,58.0492,22.3128,62.659987,40.988348,22.169118,25.562083,7.374095,51.196958,6.077263,29.740569,14.892722,0.3933,0.4343,2
83,49.1869,81.0,30.1738,0.0,0.0,81.0,81.0,47.2855,0.0,35.128084,53.60224,52.787909,41.104405,35.654678,48.813448,17.190973,34.584133,41.312203,0.6885,0.1381,6
84,81.0,81.0,81.0,52.7305,0.0,81.0,81.0,81.0,12.6944,43.60453,68.437717,71.22596,32.392707,36.175319,71.080192,19.554526,20.775179,39.772541,0.69,0.1097,5
85,24.8201,15.9846,8.7877,27.69,63.4969,51.6036,49.2098,70.9588,70.2217,39.077165,28.810557,22.630373,22.239118,15.534721,77.390443,4.65777,29.733666,24.874399,0.3717,0.373,1
86,39.613,7.3964,48.7929,7.1943,40.8863,30.8284,43.3399,19.736,29.4256,25.21664,10.292584,28.731791,38.305215,6.273426,53.405401,2.207557,35.691417,34.764375,0.3919,0.5063,2
87,4.7105,7.0567,3.2728,8.5769,21.0268,31.4558,20.43,47.2719,39.8471,18.778992,11.466527,29.227642,39.68807,4.793948,61.264876,1.186798,40.312181,37.155479,0.4486,0.5349,3
88,2.3061,53.8391,62.9908,7.3743,3.8317,70.6794,17.8279,49.5483,14.3839,30.067928,37.005886,43.874595,42.459153,12.87306,49.409208,6.07375,33.158417,40.714843,0.4505,0.305,4
89,15.7245,22.9197,69.1099,36.4637,18.3727,12.5464,36.8715,42.7877,80.4434,22.910746,10.534734,36.385771,27.066929,15.023032,67.078497,2.923481,25.076797,37.261499,0.2928,0.4443,1
90,26.9807,81.0,81.0,0.0,0.0,0.0,81.0,81.0,81.0,45.190343,17.105248,46.814751,28.616222,40.967599,114.693677,12.383502,15.789982,41.038676,0.6291,0.2503,5
91,77.528,81.0,0.0,0.0,0.0,81.0,28.4972,15.0172,0.0,23.399401,47.499846,40.227458,41.270153,25.581461,54.759338,21.563962,33.667225,43.456821,0.6347,0.21,5
92,45.6827,81.0,53.9481,31.6465,0.0,81.0,55.2516,40.611,29.2222,33.760689,52.991345,55.603041,38.488005,31.256265,48.030063,16.224422,29.525437,41.543683,0.6373,0.146,6
93,45.789,81.0,0.0,0.0,0.0,81.0,51.7535,58.736,28.0092,24.418872,53.083992,44.821636,40.293872,30.845918,62.977665,17.936236,35.814797,42.545243,0.5962,0.1729,6
94,61.6712,39.185,37.6076,28.4157,67.1043,72.4891,24.7381,25.3597,38.4879,43.215504,39.534766,20.086773,28.506879,11.800348,52.35209,9.85997,27.261688,18.232214,0.4226,0.3637,1
95,46.0441,81.0,28.401,0.0,0.0,53.9423,81.0,81.0,70.0636,31.443758,37.963908,47.327943,31.013187,40.937918,96.125925,16.39514,27.431015,40.481919,0.6609,0.1233,5
96,74.0823,81.0,0.0,0.0,0.0,81.0,81.0,63.1068,73.5809,22.901702,56.776263,47.811829,28.795327,45.046432,76.26358,22.36926,24.333933,42.023769,0.5926,0.1926,5
97,41.2661,81.0,0.0,0.0,0.0,81.0,81.0,0.0,13.6442,21.766652,49.327021,45.186453,41.594173,36.537651,14.856419,17.360757,37.614706,41.655947,0.5868,0.3234,6
98,25.1481,81.0,52.1268,0.0,0.0,57.1772,81.0,55.4098,19.2461,40.563647,35.129148,51.251385,41.723669,33.817709,61.940193,12.733028,32.724382,40.100554,0.7155,0.0709,5
99,81.0,81.0,0.0,81.0,0.0,0.0,81.0,0.0,0.0,24.710505,24.682029,32.402005,29.457664,30.519819,55.876229,18.905559,35.384998,41.367445,0.4701,0.2514,4
100,81.0,20.0045,0.0,81.0,81.0,0.0,81.0,81.0,0.0,111.330519,25.403126,26.115452,14.86506,13.018811,103.602287,5.591285,30.51301,35.490158,0.4402,0.3819,3
